study_minutes_per_week,sleep_minutes_per_day,attendance_percentage,assignments_completed,study_effort_score,exam_score
31.633808196778993,41.1141305703797,0.9932445868260612,0.2222222222222222,6.9822463893654705,71.1048973686686
25.284023654954815,52.912999685641566,0.8834779360712495,0.5555555555555556,12.40993168569785,62.24002056897754
33.143552047673595,13.217189114170314,0.6834691607742798,1.0,22.652595703102133,65.26885546697802
41.896965230746915,36.75563084028684,0.5200944918695045,0.2222222222222222,4.842306853902136,66.60992125033138
24.325132919433305,22.192289170538082,0.8311266213446076,0.3333333333333333,6.739088512362365,58.96748427829645
24.325297097174857,24.15449539482365,0.7606641631219673,0.5555555555555556,10.279656532842074,63.18345281572739
42.45879482174058,22.891272909133573,0.8766706200328396,0.8888888888888888,33.08655820641994,68.478047756727
34.34101395819575,19.632110763842213,0.8165476532728704,0.2222222222222222,6.23134985746125,61.12408911268622
21.971922807317142,30.58225953533793,0.912362106001745,0.3333333333333333,6.682116588463881,59.59878025980917
32.09226710252632,20.028598603067543,0.5459224778527298,0.4444444444444443,7.786617767343471,72.14665345263793
22.032489738542044,33.24548190935807,0.9742932219243574,0.7777777777777779,16.69585976673959,66.58014083945928
22.009369130964096,29.39714268661036,0.7153708393701503,0.4444444444444443,6.997715941877892,56.50582502649447
29.086289382327006,27.132623437603087,1.0000000000000004,0.5555555555555556,16.159049656848346,68.6936924501433
7.533864220088688,19.10923605550083,0.5103250739779246,0.6666666666666667,2.5631465436375995,59.68224432092437
9.417488341536336,23.078744033180016,1.0000000000000004,0.4444444444444443,4.18555037401615,63.46567993660338
21.043791374256944,39.06469470990908,0.7154427911000467,0.4444444444444443,6.6913905938335425,69.1501451455683
16.538355463322425,36.011006251492574,0.5190583287792592,0.5555555555555556,4.769095081971927,58.899195816561885
29.8091399926194,18.269337062417392,0.5577956417505123,0.8888888888888888,14.77991855307911,61.90227642508853
17.586425911454555,31.191987665150712,0.5956095319169776,1.0,10.474642905214054,68.1521830625087
12.543629653313747,39.01664548046148,0.7677582185260299,0.5555555555555556,5.350263753599136,58.71830050678006
41.32315435588221,9.967136626543542,0.7905728989842715,0.8888888888888888,29.039080830492733,67.12402210838111
24.408903661801308,36.52032230855923,0.5370285280839568,0.2222222222222222,2.9129505790311687,57.383170545695805
27.341948713545907,22.048514892649848,0.6640498947704292,0.7777777777777779,14.121658573593383,67.24944206745378
12.419184804532092,36.84718402311793,1.0000000000000004,0.6666666666666667,8.279456536354733,66.21534875177525
21.222839421414836,20.84089012148979,1.0000000000000004,0.6666666666666667,14.148559614276566,66.32628341961238
27.775892563765325,8.341414792025773,0.7705693653800725,0.4444444444444443,9.512556402544762,56.96587647407144
15.156730892443637,10.469490745402044,0.6784685231260523,0.6666666666666667,6.8555765493435,56.35426721092867
30.423646850123383,30.577019359936596,0.6974352591862685,1.0,21.218524026307303,66.50387639658909
20.660279767478617,33.116670020657786,0.8115407871209865,0.4444444444444443,7.451848757617505,69.19972026142752
23.7497291687339,19.14820049874709,0.4331879394718689,0.7777777777777779,8.001852632370163,66.72596653965225
20.6496005443727,37.6631095053285,0.6101698307646619,0.4444444444444443,5.599894786452336,69.95017295713272
45.18944851175604,10.061759252772479,0.2838660041589902,0.1111111111111111,1.4253053532422906,63.11799632144069
26.531694419287327,29.207042416232206,0.7619908606846435,0.6666666666666667,13.477939110649803,65.00027513603335
16.089557377107663,15.467805602850527,0.8193279121266963,0.1111111111111111,1.464735939203145,56.11418119358482
34.89211578769856,22.177966706374086,0.5579573526781854,0.4444444444444443,8.652583357442222,68.97286140709853
14.458230166956444,30.56878405579697,1.0000000000000004,1.0,14.45823016695645,71.21287650954056
28.755302616714214,19.675039616592574,0.3862558640679627,0.7777777777777779,8.638703312364767,62.41914111228187
7.06996542786891,25.385333469242095,0.3310838935200939,0.2222222222222222,0.5201670402025099,57.79647134112225
13.384806177682362,42.075513710573276,0.7215796923641173,0.4444444444444443,4.292535255131277,60.49083108068996
28.635279025357896,23.07729756572222,0.9117945890081534,0.0,0.0,59.73858479373976
34.051332466620764,40.0283053447817,1.0000000000000004,0.0,0.0,64.56201612324213
28.380349478566373,16.44351774410859,0.5635765833471269,0.5555555555555556,8.885833551848807,61.40637710472091
25.51018384278426,36.357650134983395,0.9190972007034328,0.6666666666666667,15.630892372888638,73.03220523677503
23.65562971077378,47.298823447894804,0.660777190943866,0.5555555555555556,8.683944750162976,61.323609714955495
11.881446762992395,0.34026599847252603,0.629765814897473,0.1111111111111111,0.8313921114285385,46.10023899742033
19.46822458271958,20.437256934354277,0.8740038583204361,0.3333333333333333,5.671767799981891,63.041834130132855
22.06027895706879,36.924865526166485,0.8205133789534043,0.4444444444444443,8.044779567875196,62.00214418592741
37.237888928855824,27.56345536748409,0.3051829079362997,0.4444444444444443,5.050829879429847,62.79957667426357
30.102849562351285,34.45375048045571,1.0000000000000004,0.1111111111111111,3.3447610624834776,68.46227859516661
9.036265113039324,22.75217775941016,0.9887902853478104,0.2222222222222222,1.985549146577915,53.48096556210209
29.907506360614608,31.039077449674807,0.5250366727130498,1.0,15.702537628721466,59.54188248637453
22.815843862503495,28.13187317529504,0.761200172566793,0.8888888888888888,15.43771047590637,65.01622590533674
19.897446663607074,44.0133847399177,0.7839124468922476,0.1111111111111111,1.7330951223306899,54.89643090151304
32.783429555075344,33.05305011961457,0.7299550444608247,0.5555555555555556,13.294683210251854,66.07193779104115
36.97666189162618,34.05123194490243,0.542437958597235,0.3333333333333333,6.685848330744626,70.2737783053842
35.97946785782865,25.05747640653039,0.5143863811553686,0.1111111111111111,2.0563720296982644,57.28130098249722
18.27449143444028,24.14872531113008,0.6637725475414982,0.2222222222222222,2.6955790521030467,60.40801402746752
23.574542908154523,24.809301746164554,0.9408433167978284,1.0,22.179951141700826,70.78896687459549
29.979300980702305,34.73342570853957,0.7953741702227988,0.6666666666666667,15.896507760923758,56.82792237393727
36.42211793789025,24.94818623015685,0.5839866332119579,0.4444444444444443,9.453346679554391,59.75035147060181
21.874924288213766,33.477298282756955,0.8481158327784208,0.8888888888888888,16.49108411525629,57.25569278329583
24.81007690002849,54.904809583745276,0.0110322932444324,0.7777777777777779,0.2128871451606921,60.11884667827508
15.603316926606386,40.4534964411803,0.9353024431494834,0.8888888888888888,12.972284837947235,68.75093066457893
14.704600425859956,26.087717613985912,0.2674191710073721,1.0,3.9322920558781203,63.68489397824789
34.79192489060865,44.41456706596734,0.5858765102054568,0.6666666666666667,13.589181025493446,73.07437409118965
40.22906695237489,25.103095523741384,0.4107876599332298,0.4444444444444443,7.34471301096147,60.38520855377566
25.94656545086333,5.542505577865758,0.3703209340007602,0.2222222222222222,2.1352347448612363,56.98508467145449
36.70199564558691,17.902964268991145,0.9380912454634972,0.5555555555555556,19.12767822564693,69.20690556380517
30.28302691714301,7.55049694768974,0.5615379032249175,0.6666666666666667,11.336711625570818,62.74627861688899
20.215469120615424,25.781838191504303,0.7498009526883052,0.3333333333333333,5.0525260018928195,58.08425588239202
30.280622721750802,30.221020550274623,0.6588321166659044,0.4444444444444443,8.866598560770111,60.761735905927935
42.04703233132636,50.117247747303395,0.7799841140783088,0.4444444444444443,14.576007672254041,68.57911591169099
26.30840627556715,33.923128485169954,0.6874442381376529,0.7777777777777779,14.066548462340196,69.53044115536065
42.313103224806724,27.370793654293625,0.3730237593518359,0.7777777777777779,12.27628331592421,63.83000001032588
0.46921562576922005,39.95286697420187,0.9000411742620411,0.3333333333333333,0.1407711275998091,54.37968769391672
34.885691710418904,3.466376291905386,0.5555132962259357,0.1111111111111111,2.1532739547974002,57.44257926347304
27.537137349048372,32.82737469730279,0.3097634979135697,0.1111111111111111,0.9477777764186253,55.54741286841427
23.67659316200799,39.25038232664362,0.5706911114606914,0.1111111111111111,1.5013356963587716,45.143059742174366
27.584274432021683,12.256965050641902,1.0000000000000004,0.6666666666666667,18.389516288014466,66.32583033016493
6.790977520657734,43.72504851848315,0.866272174054866,0.4444444444444443,2.614593271456843,55.192282134408174
24.46994778829155,34.061956889932986,0.5890648013466664,0.8888888888888888,12.812786606998452,70.47443184224488
30.23779238178413,25.016545033190383,0.5889247795752457,0.5555555555555556,9.893214007380147,68.58050542561769
41.44560711408182,37.59338239327543,0.5953117759418602,1.0,24.673057976072645,83.46556087341752
21.483964483930187,57.24831429365274,1.0000000000000004,0.7777777777777779,16.709750154167935,72.3904855147668
18.581730637734786,32.18239506070195,0.757993551394319,0.1111111111111111,1.5649813330165792,49.23268145154328
21.6490962308213,32.978647035604034,0.7691168164657123,0.0,0.0,56.81828321367571
35.82068784368741,24.487669205517065,0.9079066070538216,0.2222222222222222,7.227075369443625,68.41510391673957
29.95417776326351,19.801867566422498,0.7248948171326086,0.7777777777777779,16.888377498267765,65.0499660356193
21.369064628996274,39.964029798530945,0.6097847035741921,0.2222222222222222,2.8956730534333883,57.90824973503435
31.79934099780022,19.7269940890936,0.6242806127832403,0.1111111111111111,2.205745787134437,58.82039445260687
27.637442160147067,30.858794846632712,0.6531253724105563,0.7777777777777779,14.039444769249876,77.2237910190096
36.353116571995564,24.2681106388186,0.6610745977646086,0.3333333333333333,8.010707305107298,55.38277111368139
19.646135727893142,35.747757908956714,0.837926021953527,0.7777777777777779,12.803784277847548,68.96139717269261
23.390045200688984,34.00394526344339,0.6816923302892177,0.8888888888888888,14.173168371935828,63.95092969608434
22.74558513534509,42.45047933109479,0.839084573221005,0.2222222222222222,4.241215465767349,53.26413286056319
12.031517185345475,23.879803213743035,0.65101769940958,0.5555555555555556,4.351517021339132,58.41860932475845
29.62786943731242,26.761500776479554,0.6878635148710006,0.3333333333333333,6.793310136429605,63.8764846425511
29.277219388465554,18.254835410612316,0.2076510190550977,0.6666666666666667,4.052962960743025,65.73750498790861
26.717801233091272,24.668480879086655,0.8815573948377149,0.8888888888888888,20.936244667409625,73.0655535294772
24.320795332915193,34.52760591653822,0.7497973905034105,1.0,18.235668875587336,76.0395181074023
12.512959246162518,39.083863399744224,0.9004442633313618,0.1111111111111111,1.2519135967229067,62.77972261523862
22.460213439013074,18.934016109868498,0.0,0.5555555555555556,0.0,49.55405973343401
23.23952150139897,40.43527104126794,1.0000000000000004,0.2222222222222222,5.164338111421995,66.23281153519997
18.643893974450478,46.26765430565941,0.6374048888446575,0.8888888888888888,10.563297036814388,69.48771786364948
25.05380955000657,34.96121883868442,0.9259187416863162,0.5555555555555556,12.887662118328164,64.93537835535204
30.707175234812055,52.521549750696806,0.429230934326517,0.0,0.0,60.107248292600765
45.52852567877196,20.714529610757122,0.8113687414643413,0.7777777777777779,28.731439784998344,70.45662215462623
28.412444794985053,15.064143560263004,0.4261071939660956,1.0,12.10674712530768,58.876827206757454
29.242170573894306,8.655357013148652,0.5254514270821535,0.4444444444444443,6.829040115125562,62.19933214768034
25.922207509004988,47.952531737870196,1.0000000000000004,0.5555555555555556,14.401226393891667,63.55453032700216
7.478954513676245,37.85238787624869,0.6255910579351167,0.0,0.0,56.25556183306589
26.401527912174497,29.332983949074546,0.7199567498293393,0.3333333333333333,6.335986075392578,68.6896789161019
27.268968766076927,33.35962351583785,0.8708610256926281,0.0,0.0,56.823265980951255
51.299087791519526,16.494131432419486,0.784294358530254,0.8888888888888888,35.76318680234399,74.96148208094533
24.74305701885544,59.34902375540192,0.7044615702463508,0.8888888888888888,15.493806933509239,69.24923411024999
29.682140090002786,31.550654183702733,0.7540686659541027,0.5555555555555556,12.434650989072884,64.97397234604972
26.319548969614235,31.31273753525872,1.0000000000000004,1.0,26.319548969614246,70.6140316220359
14.979886290471342,38.70919948678433,0.6563584411564785,1.0,9.832174814315072,57.34022454594506
38.09489481181687,35.77211078084057,0.7161799913151703,0.0,0.0,67.9115255804273
34.18599699353441,32.68660829134958,0.91261684006105,1.0,31.19871655057593,70.04719721903243
34.57698613709713,20.514306534656264,0.925304408697218,0.4444444444444443,14.219661205386023,59.55070513019509
17.572792118719278,35.657620285631964,0.9441501050092418,0.6666666666666667,11.060902349462923,61.72331460222422
40.694609776027654,52.584293957700396,0.8173704423708408,0.3333333333333333,11.087523731580156,71.25869588682227
12.648156038743853,46.14504055385974,0.4053920639598054,0.5555555555555556,2.848590045462249,63.95147111184636
32.535237604669376,49.11823951967278,1.0000000000000004,0.6666666666666667,21.690158403112928,69.44502394064881
48.57122292476646,23.86541188282578,0.4046196676448876,0.4444444444444443,8.734609811966553,69.94350522502701
16.76130341535978,18.124742156897035,0.7396575600273407,0.5555555555555556,6.887569326157194,56.12964472192269
21.003689370638945,28.49055695880423,0.4952752153736508,0.3333333333333333,3.4675355922281548,54.40593398577347
27.663180317543073,30.66869894746434,0.6548509704875474,0.4444444444444443,8.051226878984487,57.840456406704455
21.631910125504675,43.13029822165138,0.7456987140970432,0.7777777777777779,12.54624588315128,67.31253222148212
11.160032356005336,9.690424443422167,0.7439864617493601,0.6666666666666667,5.535275323701858,49.89755001558292
27.352296414726936,48.35460383352736,0.7672390781611216,0.6666666666666667,13.990500457883233,65.7182127430474
16.043629529405617,28.10390521705213,1.0000000000000004,0.0,0.0,52.01244458552124
31.402590973018473,24.877427160630955,0.774548861579325,0.3333333333333333,8.107613696264215,59.04723856185407
17.472424324328628,17.854747496877984,0.6132265779416857,0.6666666666666667,7.143036651168743,58.878356026269806
42.16601071684206,10.141719937610773,0.892600494531596,0.1111111111111111,4.181933557586421,66.50601662488394
18.83413374330429,39.87804700754298,0.9447143318495964,1.0,17.79287607527165,72.0581687816938
23.44605150460991,30.879815606260852,0.3858299158816054,0.5555555555555556,5.025660044321905,57.42008560735529
34.80183884036337,14.520469203107352,0.8078139551342476,0.8888888888888888,24.989698737403206,70.81671226964072
14.358023502327109,14.459054735236608,0.8318085974858702,0.3333333333333333,3.9810424640466247,48.68028526888606
28.94126601270796,25.970583608518464,0.6008776746316613,0.5555555555555556,9.661200345895718,54.74333749496117
39.738094209490946,50.028258303472725,0.98777647808298,0.4444444444444443,17.44549099732472,83.47753326896003
10.591834321054387,26.88490378363674,0.6349849170527282,0.8888888888888888,5.978360033591963,60.18530815695173
28.513005251989703,11.962284562582735,0.6987174207619891,0.5555555555555556,11.06807415991294,63.83754955573306
29.2654946091509,27.051083230968672,0.6296630305865833,0.8888888888888888,16.379911135300688,70.0572542441509
34.48489538443977,26.727317163027955,0.6732834760504898,0.0,0.0,61.524379699734645
14.297159557885848,0.0,0.4161970806513837,0.2222222222222222,1.3223191265775818,47.60319010628848
13.462100535823902,29.348461601786266,0.336708164433666,0.2222222222222222,1.0072887024086083,55.87136349588759
31.886082322835648,27.22878563749587,1.0000000000000004,0.3333333333333333,10.628694107611887,67.56465378749728
29.63651339899852,38.354476377761024,0.4738441841577914,1.0,14.043089512829907,75.69507015056776
29.17159517012543,52.18747313934414,0.4404483957040077,0.2222222222222222,2.8552405095130053,63.57965681442429
30.131148761636414,43.518780354573096,0.1717676331981543,0.4444444444444443,2.3002471592567924,65.71716019396459
19.866419450881757,26.773335713342036,0.5219385032883195,0.4444444444444443,4.608466326173858,63.04454747693011
28.989203638276692,16.721689095099972,0.3637522738079046,1.0,10.544888739303527,67.75191950954208
29.59739139965347,60.0,1.0000000000000004,0.6666666666666667,19.73159426643566,81.6260104159101
19.523152486402985,30.710621208173862,0.9031743101079202,0.5555555555555556,9.796005432243746,57.65130442036384
45.32441177811424,30.167151502955356,0.5105649617140582,0.5555555555555556,12.856142535669504,69.3898763025285
31.404995875784536,29.710498954679963,1.0000000000000004,0.1111111111111111,3.489443986198283,63.777055397958335
14.753631694640179,32.37701712921426,0.896688130752215,0.7777777777777779,10.28953833139053,59.34566820916408
33.23220275300496,28.267675056912683,0.5945727099782849,1.0,19.75896084940198,67.38505981555893
16.91984996439345,23.116055917437173,0.0917608221210946,0.3333333333333333,0.517526447632772,48.114469656767234
34.537512704091185,23.43769270511529,1.0000000000000004,0.6666666666666667,23.025008469394134,74.66705686205263
38.25262245674071,29.606960757408018,0.3483799418448994,0.6666666666666667,8.884297591262815,53.4207763594196
18.459843483149562,23.47890274639482,0.2892269880680871,0.6666666666666667,3.559389953893103,61.468830022462726
36.30042795910988,21.445850607874032,0.9061231779439812,0.0,0.0,61.97138296672604
30.794475936031645,31.277162732302767,1.0000000000000004,0.5555555555555556,17.108042186684255,66.21817755368131
34.887268266611564,26.940273390949745,0.9897571366345548,0.6666666666666667,23.019948496375356,70.18993344846037
45.634596493206146,48.04791586299226,0.8000700728254557,0.4444444444444443,16.227055528746543,74.58768840568558
24.212785506637964,0.0,0.8072022015767564,0.3333333333333333,6.514871255754647,61.68136833739284
19.12930502309177,43.09808222306955,0.8670106583478834,0.1111111111111111,1.8428123713120297,48.09580068066193
17.771522370411432,44.95302230997156,0.8451630854356589,1.0,15.01983467946576,70.81815953516434
18.508563817012284,5.119317211102212,0.7346992016403382,0.8888888888888888,12.087312942105045,61.22438884606593
25.89564957252562,25.887748871035814,0.693774945496568,0.6666666666666667,11.977168580518127,65.98107818732856
30.07818641483311,25.5427096080505,0.6552082607936129,0.4444444444444443,8.758878314972831,68.92202913655836
29.43357465996685,13.109859663386143,0.4953471861522711,1.0,14.579838386217368,64.03692542678071
34.938499157026904,20.666199748909495,0.6047826695014678,0.1111111111111111,2.3477998653957233,61.63473855814452
26.796685585445736,16.67308985441005,0.2782304628051331,0.7777777777777779,5.798842180508383,55.300986140999896
41.20200743823983,51.02724532108347,0.6469428433578646,0.5555555555555556,14.808524357859314,70.10348666066007
24.0200983342871,41.228140717769534,0.441096107723598,0.5555555555555556,5.886206601328955,71.49809188822465
53.86835833256284,45.25866113992992,0.414505861407846,0.2222222222222222,4.9619445051701065,72.6235846315486
32.92334014431673,38.66006476851882,0.7112769289478358,0.6666666666666667,15.611741512369736,63.22796810560596
18.095091102503837,16.451378745393253,0.9915443683965276,0.2222222222222222,3.98713015073551,51.01716121777676
15.95774168605554,23.705756804642718,0.8820172817623706,0.3333333333333333,4.6916679816669244,60.03746602409669
31.491390819098513,35.87249473473503,0.3065451713573126,0.5555555555555556,5.363074330511474,64.91750860207904
24.432038813408155,15.334466293296655,0.4408563225331723,0.2222222222222222,2.3935597296148554,54.726480320167205
33.80667160758759,38.555981162068655,0.8872093005388866,1.0,29.99359347051562,69.90211027678765
31.39904291240211,27.116095222102388,0.442507427502476,0.8888888888888888,12.350497515739475,69.9413488335887
25.938377540097935,25.50215030940483,0.6177408593605587,0.6666666666666667,10.682130421359144,61.06477233547709
18.198729485982618,38.5315196184419,0.7968660090219912,0.3333333333333333,4.833982978255268,64.71017831026097
11.518194419808012,35.331159737832486,0.4457776020797679,0.6666666666666667,3.4230353925003865,54.260729678349726
22.201517145996448,25.66840601017105,0.6940464944502152,0.6666666666666667,10.272590097770122,69.75682909769974
35.230654609901386,43.911957640370986,0.3612236866530156,0.0,0.0,66.02818489890899
28.8076041079687,17.027240068801234,0.530631129702742,0.4444444444444443,6.793871783040345,55.59783427144408
14.209278879546787,37.391227283331176,0.7436222202714649,0.5555555555555556,5.870186393813897,56.76787222917481
28.398475925178488,37.1172150956206,0.3013442394094006,0.5555555555555556,4.754287293366159,67.60018062484772
30.519840463955035,26.285442728232116,0.7715291883907587,0.4444444444444443,10.465310107986959,69.50344914538192
17.82809230465534,33.91359626690543,0.6651405264985999,0.3333333333333333,3.952728900661363,58.43414154296229
28.20391772612194,14.986637083376358,0.7974296975814461,0.2222222222222222,4.997920351767423,62.67677047376811
27.24875385112666,41.088324230482826,0.7214553672710364,0.7777777777777779,15.290146446822067,66.9410495565021
15.236963688360433,27.781174362684126,0.985102062700685,0.2222222222222222,3.335547635266511,57.10948449932352
30.2445402701495,23.727323753771525,0.6986360415902073,0.5555555555555556,11.73884771891826,58.72767933753297
32.27451193034901,42.58811071004266,0.5703927457186637,0.5555555555555556,10.227304153711966,67.92688506535632
37.49717909841944,21.54787571348689,0.697959251571461,0.5555555555555556,14.539723921985479,72.26730505769153
37.20468718701569,13.098464443637292,0.7953043118049843,0.3333333333333333,9.86301604639641,61.81857718751648
12.889972987095756,11.320449917713159,0.6809788183685166,0.5555555555555556,4.8765547630858705,60.47820443267169
17.288416267515437,37.272119416147675,0.6790669778506744,0.4444444444444443,5.217774482936062,54.20899923579769
31.81701933875326,14.634847770044615,0.5073645231190653,0.7777777777777779,12.555531989681823,65.5168281040743
31.804526175788755,51.057530183812375,0.5164032134533603,0.4444444444444443,7.299537564239476,65.81879812835496
31.817143529727137,5.016847105395342,0.3453664558445557,0.5555555555555556,6.104763386644111,45.10801430223884
60.0,50.357476419480456,1.0000000000000004,0.6666666666666667,40.00000000000002,92.00780665857069
32.37557177359833,32.53220960643142,0.3820712866969948,0.5555555555555556,6.8720979806053455,58.47201016531719
38.022323068472666,28.83944265755529,0.5094655297990633,0.3333333333333333,6.457020988756858,59.01975790899366
36.206684301598685,23.460970958292606,0.5035688618137932,0.6666666666666667,12.155039202538259,70.7061799634151
33.180579179724646,34.78963337222487,0.8766084572930808,0.4444444444444443,12.927278367479701,66.84421395274256
23.51397422026321,29.548383570901823,0.6014820514506072,0.5555555555555556,7.857351917644783,66.5838582394227
34.25635887159934,43.23962258419827,0.9581880699558116,0.8888888888888888,29.176919458570143,77.02315058140603
18.938414521290948,31.37073178394448,0.5139546283039258,0.4444444444444443,4.325993687091447,64.87980878314794
24.298480599266576,31.803621137542528,0.7341911438975086,0.6666666666666667,11.893152844097965,70.44675414783357
21.813031188375625,25.636653453433734,0.4765296778382324,0.5555555555555556,5.774753736039973,65.13364329848943
27.485408060529892,29.31665251534719,1.0000000000000004,0.3333333333333333,9.1618026868433,55.88006142694232
49.813252333401756,33.69362122670472,0.3950810137625411,0.3333333333333333,6.560090076896544,73.95940792388859
7.994014740749184,9.477979288120487,0.7413189548782873,1.0,5.926114652893808,56.073579681712246
33.529268570411794,13.82177493473145,0.8162251153280704,1.0,27.367431105750214,69.68334752564563
10.539507954770148,38.919169128272586,0.7653611632418271,0.2222222222222222,1.792562237390971,53.96323630108269
21.947348008772334,32.05038525753531,0.6268384470507224,1.0,13.757441542700615,66.25242487531051
37.55617263634032,27.79219996376785,0.639663691071481,0.5555555555555556,13.346288895044003,67.50228745402077
27.30946685762129,30.221207196784725,0.6798114656461607,0.4444444444444443,8.251239417997677,56.35823619131992
15.889218887373605,34.170980464340055,0.6356909766339491,0.1111111111111111,1.1222925636072354,52.41828673950314
19.51362957406698,23.522883836287654,0.8925523882136455,0.2222222222222222,3.8704303731222005,61.1812139698251
33.462644156013425,20.66034329517225,1.0000000000000004,0.2222222222222222,7.436143145780764,73.21068033604337
19.363000349495298,32.35014306117218,0.5407762432306984,0.1111111111111111,1.1634500651860853,55.56124100326988
28.831252562486416,18.259526668619618,0.3529511045914848,0.4444444444444443,4.522676639415847,66.65133128444181
27.122385065704798,34.899033068573665,0.6492683881467944,0.6666666666666667,11.73980482287123,68.71604813545787
20.150663190608494,9.568996749145908,1.0000000000000004,0.4444444444444443,8.95585030693711,57.26803682543509
48.10610755991992,42.34986764790774,0.4838530890880155,0.3333333333333333,7.75876291562253,75.10013055598397
33.00585688984678,35.67116978895653,1.0000000000000004,0.4444444444444443,14.669269728820794,67.35146819939852
6.415240800090594,33.07235681176651,1.0000000000000004,0.1111111111111111,0.7128045333433995,55.45978967077586
28.531209814360945,41.79229180734616,0.5416788327387292,0.6666666666666667,10.303168285911209,67.33092573490595
20.048802018982787,49.98569333355092,0.8012432895482564,0.7777777777777779,12.494197396482274,63.87164176738895
35.191000014628905,42.17244078021757,1.0000000000000004,0.8888888888888888,31.28088890189237,85.14096073796414
18.741459282339655,7.909509224020254,0.5820181361410315,0.8888888888888888,9.695883733395876,56.721922985807424
25.519302251997672,14.645076399171582,0.6226087513792011,0.5555555555555556,8.826967172880392,53.00795645036602
31.71653945647124,22.502177067651857,0.5351831570745142,0.7777777777777779,13.202122669394305,65.14984313411921
35.32421860836787,30.313092602530016,0.4350460102951836,0.6666666666666667,10.245106914910219,57.80424156197101
14.663702596108902,36.21190824562948,0.5195532523089348,0.5555555555555556,4.232541319277417,62.51282864476854
23.321654308257173,21.291074242158416,0.3866779379038969,0.0,0.0,61.18365975344648
21.917213555057106,32.241201173724946,0.6775621261570817,0.2222222222222222,3.3000608479562894,63.354074808783686
20.133374340929546,20.93540481176013,0.4916456177641626,0.4444444444444443,4.399326784677085,54.84898403757109
44.32120906947764,22.661786364096624,0.7237379506361421,0.4444444444444443,14.25641823184877,71.8025256802169
30.716483776276228,13.120066837821337,0.309922175355878,0.5555555555555556,5.288733039570591,52.87470295186345
14.057827123316214,18.92120104666915,0.7461884035125044,0.2222222222222222,2.3310639062226906,47.12040082518137
35.84528613721443,13.779784732603998,0.8624124170633358,0.4444444444444443,13.739297714631986,68.1423425829541
47.888228636792995,18.289520964272015,0.208683440042146,0.4444444444444443,4.441546795311452,58.34777582813946
36.99131927217813,42.64370155929409,0.7561717715321388,0.4444444444444443,12.43190730015728,73.81535168377947
11.472967007126526,18.607213334016684,0.9535467094812042,0.4444444444444443,4.862226638947518,59.10764429258904
21.82432593800415,60.0,0.3899842548293946,0.7777777777777779,6.619778268511628,71.67100693978927
39.3357781585329,35.91981481057068,1.0000000000000004,0.4444444444444443,17.482568070459067,64.10310441194468
19.58997201047886,32.218033484338484,0.7665681276239344,0.6666666666666667,10.011365442852043,63.91168477541839
31.104860948128948,19.699706637825432,0.5066661904258511,0.4444444444444443,7.004347289028585,60.439433470684975
34.41300720096003,38.4037185529079,0.6567861390640539,0.2222222222222222,5.022663585133783,66.81007829093782
17.39736195088583,23.092346085146712,0.7987793373162537,0.5555555555555556,7.72036291676644,58.85507452507572
26.071413106048663,31.46411777574434,0.6872554445317292,1.0,17.917720603767822,64.63641221282998
0.0,60.0,0.7942540878785795,0.1111111111111111,0.0,60.31887430878356
16.42279025332376,28.8472812033042,0.4568002080508786,0.6666666666666667,5.001289336329491,58.09666302461386
24.140985152735066,43.79127991542812,0.7088413800604392,0.4444444444444443,7.605390769637019,62.2770519759844
14.188834847018173,21.561882898489362,0.3427977460206364,0.6666666666666667,3.2426004028112607,54.75570989563197
42.990779705983016,29.580138114036465,0.6439632015988486,0.7777777777777779,21.532373441207717,73.9927081380138
12.365252887060338,51.24960762762612,0.4606768838956432,0.3333333333333333,1.898795389530854,49.0259868222571
22.26622179969683,22.476395306546802,0.4996097028033595,0.8888888888888888,9.88837373857797,59.96319234487862
27.97407243952758,51.74938269596314,0.955494575398972,0.3333333333333333,8.909691489262162,71.89078797697262
41.07939955732781,38.4930232254657,0.9220173840372988,0.6666666666666667,25.250613678446907,66.34606621570997
12.308045154872268,23.250398689268795,0.8105280640643344,0.6666666666666667,6.650677341196688,54.67999753443807
38.298304188216264,37.58889286866626,0.4171132612060422,0.4444444444444443,7.09988024827018,72.35627534589322
26.76899727686254,41.67065339552076,0.5965202871160891,0.4444444444444443,7.096999973957264,61.579422965046106
16.851580156187154,37.461719546606346,0.9501774895921408,0.5555555555555556,8.89555118248147,61.9314739968167
31.287701409299373,11.157303361314522,0.7024494685154656,1.0,21.97802922603293,70.19126358055387
28.65726362240136,21.274353890101587,1.0000000000000004,0.4444444444444443,12.736561609956162,67.6997055058171
20.664497895078718,27.029776373381942,0.7606254226047486,0.1111111111111111,1.746438049373243,65.76410977664142
27.364687516566857,29.10679885079945,0.7140874381033795,0.4444444444444443,8.684790934757668,59.38249174036898
22.813530698049064,37.448065170608146,0.5982063628407621,0.4444444444444443,6.065421876638221,65.56030093469776
27.80184011917914,32.13241201119906,0.7005589861394235,0.4444444444444443,8.656368411867769,57.4648463834658
33.28797341187713,13.9758676954788,0.6344266867568376,0.2222222222222222,4.693061929010424,69.70595327970715
42.52683482812019,34.56237421207156,0.8334123459566398,0.4444444444444443,15.752172968984075,80.90021186722909
14.288511678398171,37.32702894340587,0.8908929460391986,0.3333333333333333,4.243178087894546,58.95438791703276
47.99700041322933,36.71748537517248,0.4879422950266479,0.4444444444444443,10.408785127122702,72.42782949582754
7.145788671441648,42.969368706655466,0.3618693868128599,0.4444444444444443,1.1492631843683863,61.30539886601339
25.148815716310835,40.00706585458686,0.2451080823472993,0.8888888888888888,5.479269327582729,58.33654416592744
32.54983873151244,35.510160950741245,0.7871405855561973,0.7777777777777779,19.92767709246416,70.86586532805248
29.476585344016993,29.15801146249624,0.4145573573525039,0.5555555555555556,6.788741846661795,59.49064408546631
20.439671468460727,10.068468797808114,0.1718831339276749,0.8888888888888888,3.122875367512098,56.81422584175833
24.585444163093907,35.15541862959103,0.7595296018759288,0.4444444444444443,8.299276718727816,65.42177139470454
21.736657320078336,32.49225224595734,1.0000000000000004,0.8888888888888888,19.321473173402975,68.31380784015172
20.773019097224548,33.25894604634449,0.6682775046928633,0.1111111111111111,1.5424601519144907,53.67152411460393
35.16268763687691,14.679017090156293,0.8635597029696656,0.3333333333333333,10.121693363772184,63.51482502605783
30.236821526317136,17.027321515100855,0.6886020804538995,0.5555555555555556,11.567299005186241,59.50614221800159
19.737570714060126,42.637834239994845,0.6468156645317595,1.0,12.766569917657396,67.19202896274264
35.66266542099917,29.525338153720135,0.8821929828989497,0.3333333333333333,10.48711772862616,68.89038486002086
29.739661875432756,38.17800836847151,0.602563050600923,0.3333333333333333,5.973340461166909,61.9972412599218
34.79528785505627,30.33982051356554,0.7315085282298126,0.5555555555555556,14.140583226769381,63.81510557270993
32.962955085902784,30.35707367394895,0.7440652142083506,0.7777777777777779,19.076235295391943,73.66930644329106
18.376716557445942,41.259405671711974,0.5152032726640594,0.6666666666666667,6.311829674143971,67.33473195984008
21.064856264696967,23.807463261391526,0.8990643790978949,1.0,18.938661918406183,74.06599712618342
34.13960271789929,31.153449323291813,0.6292264969412162,0.5555555555555556,11.934190347304774,64.92476044152869
32.77036932100132,24.4526965355395,0.4949354770351841,0.8888888888888888,14.41708299778573,74.66057740512012
26.457650727025182,24.78604527081222,0.7937347263003423,0.7777777777777779,16.333610345395304,67.70449123629314
27.839940499754483,26.289934518376338,0.4619346590429032,0.8888888888888888,11.431318597803378,62.69634618505818
39.44331562455091,32.66560525960456,0.676197375346514,1.0,26.671466500285476,79.52409578334377
20.750952778308367,24.25501654003827,0.6675727169081727,0.3333333333333333,4.617589974882836,55.64185224136102
32.13764047836705,45.06907350688226,0.9207654137262056,1.0,29.591227831247686,80.80904584624466
24.644740142327716,19.264712373365956,0.7794424520770686,0.4444444444444443,8.537402972150256,57.50896970064421
24.489854634394465,27.757540270063696,0.6638944280860501,0.6666666666666667,10.839118690941214,59.11522629790164
37.65443518653858,24.723227300709905,0.8587677248911589,0.2222222222222222,7.1858696971567415,69.08913463067313
34.92083015654696,47.3637346122448,0.9911293836104362,0.5555555555555556,19.22836714901285,59.57281082231072
34.80176302667306,32.358657318138896,0.7986598860196028,0.7777777777777779,21.61815607168306,72.29952368596177
39.72145473820996,42.382134473623616,0.6720750050592552,0.6666666666666667,17.797197929428958,69.84598022049293
26.876705082994256,12.173275523556342,0.3663543574427303,0.0,0.0,46.58630812057724
33.4861963796163,33.2046031904311,0.423402322667338,0.5555555555555556,7.876740735791193,67.46699405943032
23.563999100732104,40.67556954748126,0.599106227742114,0.4444444444444443,6.274372716336965,62.18155633136119
29.90833019155108,30.987407871305095,0.5287479194443963,0.1111111111111111,1.7571074847598505,58.55303868806445
25.36523612298982,42.78576450078424,0.6264491495868096,0.5555555555555556,8.827794776842,61.70476402732882
27.636626316593844,23.79253859879554,0.6827800129410293,1.0,18.869736074090337,65.76192890692222
32.618236921035795,46.91216928222697,0.7921584575806309,0.2222222222222222,5.741958277414955,64.9066012174088
18.48445983433194,57.586777483431,0.6533802916025224,0.1111111111111111,1.3419313062967684,60.94769523194778
47.59053942352127,25.645937274724094,0.7821716737253865,0.6666666666666667,24.815981249593086,68.00706134499804
16.606492851669643,24.653969743190743,0.6845892160057101,0.1111111111111111,1.2631806579921054,50.55660111223901
14.52478053878934,47.44061372541242,0.212907673065537,0.3333333333333333,1.0308124087670785,53.60488900481425
38.24777540166735,48.95486574876855,0.4524851680335082,0.5555555555555556,9.61475059973963,74.05573898132603
34.58329360629603,23.725679674160784,0.6363648639448383,0.8888888888888888,19.562304827142192,62.837322852314735
32.907864837188214,24.957758194849717,0.3899718325631855,0.5555555555555556,7.129522420166612,64.37140868125915
32.95012175930947,26.618584693673917,0.8083986398532725,0.1111111111111111,2.959648179247277,67.44173076674599
26.54419893819752,13.866593867588682,1.0000000000000004,0.3333333333333333,8.84806631273251,62.11461396767051
17.694122951808346,18.976176642189625,0.9514871724930312,0.6666666666666667,11.223820678106781,65.33736407213149
27.424712248603925,17.95031079897519,0.620328310735331,0.6666666666666667,11.341550281052678,61.37640537708524
19.895049551545547,20.786429218750463,1.0000000000000004,0.3333333333333333,6.6316831838485175,59.65703639325152
36.41786400084418,29.583781351358628,0.7040565949676356,0.7777777777777779,19.942406807889064,72.46724428746577
25.196092851645275,32.81057679043826,0.591739165848784,0.3333333333333333,4.969838322227028,52.60546806579818
18.411694698741545,48.60600591376893,0.52784835477846,0.1111111111111111,1.0798425283793354,59.29283994458871
23.452808250136727,18.019751511134512,0.5997432516021748,0.1111111111111111,1.5628514976821457,66.49222905176504
30.795981209422912,41.811868781719014,0.5799257800865445,0.5555555555555556,9.921879681336193,63.689030302484994
21.029421138626915,27.432133869293903,0.7090854125700781,0.6666666666666667,9.941103842795458,64.17692278416854
18.444462711002352,29.406435484170803,0.7068096587039983,0.7777777777777779,10.139674528466152,57.10856425756125
29.103538781585783,38.097833905999245,0.6703855501940255,1.0,19.510591858686542,69.33992731187789
29.116332377753892,16.527335741252426,0.770711452011462,0.8888888888888888,19.94692515920626,73.44088162182662
21.59723491295537,34.588916954208614,0.944986200739204,0.5555555555555556,11.338382759369884,66.67768546284869
21.956283610483435,31.997426498556685,0.8892401211579619,0.8888888888888888,17.35502959819099,63.77948539122603
28.98716604024303,35.9094151680978,0.3263384807770952,0.0,0.0,64.76110391679359
12.185823251693424,33.470023726893814,0.0791555959550187,1.0,0.9645761016903168,57.49643187503831
12.592028922901116,59.46360167893075,0.8857176161230269,0.7777777777777779,8.674541430912143,66.06343446756856
19.4822244541423,22.347120188984213,0.3536272660412525,0.6666666666666667,4.592963846746917,66.40148256666316
24.53219514954819,23.628036539978186,0.6177102796630196,0.7777777777777779,11.786280431780702,70.04731544676225
29.775742322646714,22.522313682902837,0.399124041090896,0.3333333333333333,3.961404867431993,59.15456181530079
41.42022883616219,23.33427457007694,0.2530216791345143,1.0,10.480215850261585,73.97792258967473
35.243262898686865,22.351354472321795,0.794879947798377,0.3333333333333333,9.338054324384231,68.5286421576871
25.067281367032393,44.26819837329062,0.8452154737799797,0.8888888888888888,18.83311475289986,77.26455398042114
26.476504587639774,47.046050975878266,0.5363786993361916,0.4444444444444443,6.311748041638635,69.32044505776172
16.641373020288576,23.151044475006294,0.0705723257105579,0.4444444444444443,0.5219646209149759,58.90786533270395
26.48153530674276,20.011733122749252,0.543376887662923,0.4444444444444443,6.395312993561639,61.47652858093385
23.780080277465274,35.65698667663685,0.7602753891676963,0.0,0.0,59.56310803372921
29.893852270047557,23.373323468628353,0.3277226748600608,0.2222222222222222,2.1770873839581077,58.67553219679157
18.39435723114343,37.595181813066134,0.7120782948245585,0.4444444444444443,5.821432236242844,57.457037637341145
31.860131809078393,32.4350762502156,0.6661412485961682,1.0,21.223347983737977,75.88610343866948
41.994055796692436,11.811070620033217,0.8036268348036844,0.6666666666666667,22.498366760310173,64.9093144508333
25.579065182098088,48.57006241596074,0.6973309871947513,0.1111111111111111,1.9818971972168167,59.55565237726312
30.683783887656077,51.55053207714626,0.4446851916251968,1.0,13.64462431786847,67.47173678401333
33.5681065837778,22.64653571418737,0.946356250256304,0.6666666666666667,21.17825831655194,76.34243582795779
22.654461947808297,25.347581280768186,0.63302553546982,0.2222222222222222,3.1868562011760018,56.51903739038096
28.907591484770833,33.430384688698865,0.6633677987280318,0.2222222222222222,4.261414517729249,57.769942639893976
26.792590674484615,34.0134814798443,0.4538880992991183,0.4444444444444443,5.404816914018266,58.60582546877183
27.643427652154983,37.902531272073986,0.5671841293540614,1.0,15.67891344524951,67.09628194316744
18.936568828111998,54.12245446519619,0.4650943850561533,0.7777777777777779,6.850115871032212,65.02008273747786
26.911768409256084,27.876633270071412,0.629692110215911,0.7777777777777779,13.180321963873833,58.79454883045607
31.646649579121163,20.420433065538564,1.0000000000000004,0.2222222222222222,7.032588795360262,67.27926614548706
41.17810274461708,13.448169263825681,0.3524659606895377,0.4444444444444443,6.4506131303350855,68.26605738582758
36.259374927518735,21.228839520696976,0.2965885196397906,0.2222222222222222,2.389803185070427,52.00579721809032
48.19849124178222,29.60247632551445,1.0000000000000004,0.8888888888888888,42.84310332602866,74.74957400890789
18.993191037786172,51.53469436221346,0.6212807636224382,0.4444444444444443,5.244490769592284,70.2051070293036
35.38987303387345,23.788664411565943,0.5149761456458553,0.6666666666666667,12.14996027325356,65.98276484531716
28.500086724050185,32.68545541966678,0.9101312587668532,0.4444444444444443,11.528364357833008,59.43318493356797
48.56469599884339,29.80292524712698,0.5296489179343986,0.5555555555555556,14.290132603111346,74.74945711109743
18.58368381311515,44.26071928137701,1.0000000000000004,0.3333333333333333,6.194561271038386,63.65248936629165
18.269448244858907,60.0,0.8264333831685562,0.0,0.0,57.47451519912333
20.67274021222644,23.62957472495616,0.5568648359006496,0.3333333333333333,3.8373073619660785,66.83805070570689
5.427709423568592,24.12672668978134,1.0000000000000004,0.3333333333333333,1.8092364745228648,48.77749309554412
21.409116449859052,42.529930524828856,0.529625938224247,1.0,11.33882338630876,65.75967857172915
19.075340051129682,38.18269787551574,0.8412708560980291,0.2222222222222222,3.566117256705531,63.48466573710947
28.170604531428737,52.160487908832415,0.7388846077261504,0.2222222222222222,4.625516906358497,61.76055947261096
30.084226424438256,37.007138223911575,0.9706739379773004,0.3333333333333333,9.73399151147008,67.38591666692248
45.42837505882552,25.688494910555292,1.0000000000000004,0.3333333333333333,15.142791686275181,67.60969607550201
36.170905048527175,37.0878579683077,0.6770813394605586,0.6666666666666667,16.32709655983831,71.72409636941968
20.897630110042638,43.3044429669949,0.4954736001209503,1.0,10.354224024618796,56.09119403466701
17.682519953183085,39.84578617436838,0.7760374394375336,0.7777777777777779,10.672898061211011,57.058278293114014
31.585858381731725,36.08728837328757,0.5129777694152353,0.2222222222222222,3.6006318172725007,62.14397417137752
13.46433459646024,42.80009627506986,1.0000000000000004,0.7777777777777779,10.472260241691304,67.8090354804539
44.98125432521021,44.03154708534808,0.7012513667674227,1.0,31.543166074466704,80.07234919761619
38.461067873879536,46.585907892450344,0.5852104465599788,0.1111111111111111,2.500868745071855,66.99545457411928
21.974910145619614,37.78451865107572,0.712383598630872,0.5555555555555556,8.696980871736978,56.5689711310658
9.535321375757892,27.994583036197753,0.3581944798901002,0.5555555555555556,1.8974997115414185,54.26698153832126
40.205390408320795,31.760564237199876,0.4450215987082799,0.4444444444444443,7.952118718311759,68.17722255931864
25.52126821414048,44.47810759810029,0.9472447034711062,0.3333333333333333,8.058295380570023,62.05682669881061
39.04482978640129,20.196771948153174,0.5177920872390476,0.3333333333333333,6.739034636998019,67.91569439452661
10.722390078722995,34.424079706474814,0.427611203440311,0.5555555555555556,2.5472300696217727,61.50990343997751
20.672916437128933,25.27993425207167,0.7937677701569563,0.6666666666666667,10.939663188627282,68.65811990245402
26.719103663848493,30.344937875217823,0.9438434682451268,0.8888888888888888,22.416579084878073,75.78213723694529
27.136472604314083,45.34142235128758,0.8359198761910327,0.8888888888888888,20.16348161747518,70.17573663032047
22.166011951874232,32.29318881623884,0.8999905054951483,0.3333333333333333,6.649733433792929,63.15088786916096
32.89516599014165,30.55723857787379,0.4946927091456179,0.5555555555555556,9.04055487858776,61.48108048859192
15.99046237284072,13.681726308240977,0.3409257242730374,0.7777777777777779,4.2401021957167035,50.53925520857483
25.24287181645373,38.955042792326665,1.0000000000000004,0.3333333333333333,8.41429060548458,65.90097255257659
27.86962298378565,37.74581017369292,0.5950701968748975,0.4444444444444443,7.370836460351328,62.592076323453874
31.811055007254158,55.95905667966554,0.6116828441778375,0.3333333333333333,6.486092201044954,64.84750490068846
33.78281544755557,26.306661180564,0.9767904493735204,0.5555555555555556,18.33262860117806,69.72992152261727
15.42024574828797,32.629803931967274,0.7982944848089164,0.5555555555555556,6.838831741809127,58.99915311790734
11.325524959310437,32.992604204529066,0.7750930384152497,1.0,8.778335552359673,72.73246701459412
39.44343488565176,48.929439357161705,1.0000000000000004,0.2222222222222222,8.765207752367061,69.93021689708294
29.98980678646258,28.856453611356578,0.5208849390892833,0.6666666666666667,10.41415912084396,67.9813312621744
19.181801301101125,33.34825830924408,0.8842193403659726,0.5555555555555556,9.42273316305044,58.514882428309775
42.17818642189189,37.29475811659848,0.6828639931825986,0.8888888888888888,25.601746493558355,72.49461900471826
27.823413009595246,32.2393094778763,0.7317859878472657,0.4444444444444443,9.04923723311516,56.92572104678823
38.45963850730493,24.642796625393665,1.0000000000000004,0.5555555555555556,21.366465837391637,75.19549077144575
27.341851480767758,32.32907991477969,0.7871046140295048,0.1111111111111111,2.3912108285135276,60.2794780874214
47.274145915486535,42.88358099831726,0.7941477452624972,0.4444444444444443,16.685625061330626,83.02274123243734
44.22007509109871,17.681816407067284,0.9176697455942856,0.5555555555555556,22.54412503278264,77.62758722015242
24.177025181875926,31.59563608976252,0.5852957266846412,1.0,14.150709522898941,70.43096147971015
36.382376176210215,21.59855022072993,0.4756365521127796,0.5555555555555556,9.613771090068202,75.29038169457797
33.12042616251814,44.34055954709812,0.4280971855974735,0.4444444444444443,6.3016716559835295,63.26792782785873
40.35298224199015,11.721757142594706,0.2150141104756131,0.6666666666666667,5.78430705453315,64.53083470500461
17.017432060865616,23.29293783274094,1.0000000000000004,0.6666666666666667,11.34495470724375,63.6971161648683
33.52718126665107,34.526542500774255,0.4145939462054828,0.7777777777777779,10.811240522823539,68.77943465417243
37.25091153516254,48.7862883508121,0.6185222840423443,0.1111111111111111,2.5600576539320046,62.16388469090786
9.079271802435521,29.210996867124145,0.6056756016697138,0.2222222222222222,1.2220207581473335,57.734080524609965
14.834081540008913,23.33760567968163,0.7407607793661142,0.7777777777777779,8.546615624366938,57.25772873863389
6.274344889065654,52.573884833287096,0.8582985531181264,1.0,5.385261140049162,65.29719115890519
23.97259832222109,12.623833195005073,0.8686426149312996,1.0,20.82362049331181,73.95499292157524
33.84208922462629,3.6143285205590217,0.5348602482777709,0.4444444444444443,8.044794775520927,59.0191654628901
41.69023718762694,35.28017340063998,0.6310388337720778,0.5555555555555556,14.615643696978564,62.09907004775202
27.407614470864413,23.975349307768674,0.7350202610910319,0.3333333333333333,6.715050648085701,61.86935892539326
42.95282212237959,17.745206194431443,0.6121780987550038,0.7777777777777779,20.451493209031273,71.58304706761483
12.86565208451775,38.50027736759225,1.0000000000000004,0.5555555555555556,7.147584491398753,49.45162232958241
9.632842273115118,32.92560856525439,0.7832060059684842,0.2222222222222222,1.6765555384113036,60.88336437497651
26.111189677700477,23.23105643115927,0.839601983266359,0.7777777777777779,17.05122738576554,63.95751586167226
30.50732115605974,14.636347215949272,0.8229547230177445,1.0,25.10614403199852,68.24791522341582
26.33971918572573,40.46948793936174,0.9410155406253344,0.0,0.0,60.77153239445091
5.9922456662679,37.80241413550392,0.7115376116527399,0.7777777777777779,3.3162174654099115,65.51596988955971
25.77546627153878,28.809889634647405,0.3698236950751283,0.0,0.0,57.87048800997192
13.621971661618128,52.15964395257199,0.7620983399359824,0.2222222222222222,2.3069515533275937,53.70856306182246
33.363392154967045,17.158982804086182,0.519072458783846,0.7777777777777779,13.469569554970997,65.54674418253569
30.33264912763514,11.693697948903132,0.5474528350454055,1.0,16.605694759361405,58.70119919296823
17.26786880339311,21.69710316142507,0.8052621648342289,0.8888888888888888,12.360143479727805,60.78183782625209
21.527997493299733,29.452967803734037,0.9560009300626482,0.3333333333333333,6.860261875326968,55.73581576967979
16.07453144777715,32.92007339187231,0.6745997204711189,0.6666666666666667,7.2292496142497855,61.78163371756995
26.039875693934945,27.10516730572404,0.74109057633917,0.8888888888888888,17.15369465406097,67.57199759894759
36.218089871679055,34.22466475817156,1.0000000000000004,0.5555555555555556,20.121161039821708,59.11504123478881
16.809406203311223,14.98152690971468,0.7253489440953307,0.3333333333333333,4.064228346813765,55.25664439430372
31.70713182184511,47.325175248879106,1.0000000000000004,0.1111111111111111,3.52301464687168,69.00907291790378
21.364090482942256,29.01418585928917,0.8004401513628623,0.7777777777777779,13.300525637697035,74.02276133115588
18.737938344043226,43.407549979057535,0.2625521598371696,1.0,4.919686183124266,64.52317867848319
25.596363067121082,34.11270415653246,0.8438712490380738,0.3333333333333333,7.200011624094495,58.98578306138423
16.31424344247292,35.481038629845415,0.757813875448091,0.3333333333333333,4.121053349381336,59.446817631900295
21.13017361319484,36.83720736278646,0.9679019112923704,0.5555555555555556,11.362186347861611,64.0513771856016
14.687887740778176,35.37250272020778,0.825336340377874,0.5555555555555556,6.734693064363833,64.67193691559949
46.31391799583056,37.712673118410535,0.6376670136006428,0.7777777777777779,22.970000492869378,70.91783488685972
27.01930218638395,45.94983036158918,0.3865951670686471,0.4444444444444443,4.642458507921495,71.2191526601422
19.669411586740804,32.358254036417655,0.62135022764476,0.5555555555555556,6.789774092811044,67.27118054088264
28.80646577400888,38.508045091062144,0.4730212365462463,0.5555555555555556,7.570038922749335,72.90633014826723
25.54338616975837,28.92317166855328,0.5354507895591518,1.0,13.677226292611438,67.36007003535764
24.456970671334428,47.28140658539367,0.8057741820234612,0.5555555555555556,10.948219743036823,65.74022062122977
32.80833366710092,21.88329237528876,1.0000000000000004,0.3333333333333333,10.936111222366977,61.60846350232184
34.241743767139724,51.61128519492979,0.7609384271455291,0.6666666666666667,17.37057242992502,72.25327789916798
21.36165519056139,29.518104592267882,0.3931654126585355,0.3333333333333333,2.799554659355472,55.5847540224949
20.908484260219865,12.830698774583436,0.7724836613544586,0.4444444444444443,7.178427766536313,63.39977479400085
23.916149695150228,31.53725297892947,0.946370120171526,0.3333333333333333,7.544509820346509,68.61159144767386
3.647455019310816,21.827380110301434,0.5286853268430747,1.0,1.928355949029752,50.88856802130864
11.51475604468114,40.087722587864704,0.6386933708420268,0.1111111111111111,0.8171553725112224,52.93762103234712
40.33540934111191,22.168512248371314,0.6730774902637577,0.4444444444444443,12.066158261367523,70.51709879321555
43.11634380167949,24.645798801422643,0.4881945935519907,0.3333333333333333,7.0163886459029365,58.98734092139416
24.176306271102877,7.3255112286536335,0.819578672258737,0.7777777777777779,15.41118832850417,68.25950029035377
32.432236297224335,24.572324169011083,0.6417152301323674,0.0,0.0,56.17017912912955
29.779168212102018,0.913448080452528,0.7666868455666229,0.4444444444444443,10.147242906726373,53.00661047828064
57.455474751219036,10.993166118171319,0.4644725188184133,0.3333333333333333,8.89549635920215,58.40643897058775
37.86241578101243,39.124975873731564,0.5685307615149124,0.4444444444444443,9.567088034121435,66.63529372226387
25.387490751859,39.42960190381,0.8367125199929402,0.2222222222222222,4.720451414063424,63.00291716564856
17.111262260662404,35.10549074141959,0.5834735907007085,0.7777777777777779,7.765309714283502,54.70168470528836
10.60220346409094,18.39628628244945,1.0000000000000004,0.5555555555555556,5.89011303560608,57.72483401296829
28.701303025338895,29.427463726296246,0.5772761093400889,0.3333333333333333,5.522858847819519,62.01194815031623
19.10315921382363,29.956769530913185,0.7216335458945173,0.4444444444444443,6.126880231670694,56.17812079206222
12.444129570689922,16.09962372968949,0.8853178129763486,0.3333333333333333,3.672336525305836,40.20040304814294
20.2009378242414,48.040779621205814,0.3417222726581479,1.0,6.903110383125713,73.43032526381735
15.851186630522712,40.52834748690806,0.2625415113587412,0.6666666666666667,2.7743963298712706,64.40209101938262
43.53808301739231,27.348429914044043,0.3169142083284426,0.4444444444444443,6.132372049597729,68.02980683714563
35.48306423616117,30.322630067934377,0.961619890793176,0.5555555555555556,18.95623353099142,72.5258275089497
26.586940253500487,32.50059369537064,0.5420788709120132,0.5555555555555556,8.006788085345944,58.85019638339705
41.46610805556692,5.499181578908508,1.0000000000000004,1.0,41.46610805556694,71.83036100389633
27.440349743142846,27.033871409752837,0.5392141428388424,0.7777777777777779,11.508174740180861,62.85025860193317
18.053824653384023,21.816189024026425,0.7123537702299596,0.8888888888888888,11.431742274585513,55.99672427890449
41.89790743936324,17.98055988126101,1.0000000000000004,0.6666666666666667,27.931938292908843,70.74904041019434
32.05576710351325,26.62679648536855,1.0000000000000004,0.2222222222222222,7.123503800780725,67.03203276159228
16.2942051234021,51.57223832219428,1.0000000000000004,0.3333333333333333,5.431401707800703,57.41967670138478
24.76327988583058,37.690114335204136,0.94908346442132,0.5555555555555556,13.056899702488264,74.95059384712239
17.910484132819093,23.145852122606435,0.9064681845462088,0.3333333333333333,5.411761345406735,55.27100341368212
12.838669357023306,36.87099337627391,0.8066871769148163,0.7777777777777779,8.055281063635471,60.37541396432767
